ImageId,EncodedPixels
00002bd58.jpg,
00015efb6.jpg,
00023d5fc.jpg,
000367c13.jpg,
0008ca6e9.jpg,
000a4635f.jpg,
000bd9dbf.jpg,541235 6 1 1 758 13 755 14 756 11 759 1
000bd9dbf.jpg,539718 3 765 4 765 3 764 5 764 2
000f7d875.jpg,408194 1
000f7d875.jpg,407424 1
000f7d875.jpg,392061 5 1 1 760 11 757 14 753 16 752 15 753 14 754 14 754 13 756 8 761 6 763 3
000f7d875.jpg,392044 1
000f7d875.jpg,382060 1
000f7d875.jpg,379725 4 7 2 2 6 747 5 5 12 1 3 737 1 2 31 733 36 732 36 731 37 730 38 730 38 730 41 727 42 726 41 726 42 727 41 727 41 729 35 2 1 730 36 736 31 737 24 744 22 747 20 750 17 752 12 763 3
0010551d9.jpg,184573 11 754 17 748 23 744 25 742 28 739 30 737 32 735 34 734 35 732 37 731 39 728 41 727 41 727 42 726 43 726 43 725 44 724 45 723 46 723 45 723 46 722 47 721 48 720 49 719 49 719 50 719 49 719 49 719 50 718 51 717 52 717 51 717 52 717 51 717 51 717 52 716 53 716 52 716 53 716 52 716 53 715 53 716 53 715 53 715 53 716 53 716 52 716 53 716 52 716 53 716 52 716 52 716 52 717 51 717 52 717 51 717 52 717 52 716 52 716 52 717 52 716 52 717 52 716 52 717 52 716 52 717 52 716 52 717 52 716 52 717 52 716 52 716 53 716 52 716 53 716 52 716 52 716 53 716 52 716 52 717 52 716 52 717 52 717 51 717 52 717 51 717 52 716 52 717 51 717 52 717 51 717 52 716 53 716 52 716 52 717 52 716 52 717 52 716 52 716 53 716 52 717 52 716 52 716 52 717 52 716 52 717 51 717 52 717 51 717 51 718 51 717 51 717 52 716 52 717 52 716 52 716 53 716 52 716 53 716 52 716 53 716 52 716 52 717 52 716 52 717 51 717 52 717 51 717 52 716 52 717 51 717 52 716 52 717 51 718 50 718 51 718 50 718 51 718 50 718 51 717 51 718 51 717 51 717 52 716 52 717 51 718 50 718 50 719 49 719 49 720 48 720 48 721 47 721 47 722 47 722 46 722 46 723 45 724 44 724 44 725 43 727 41 728 39 731 37 732 36 733 35 734 33 736 31 738 29 740 25 744 21 749 15
001839c6f.jpg,493245 2 764 6 760 8 760 8 759 8 764 3
001839c6f.jpg,418745 3 765 1
001839c6f.jpg,417215 3
001839c6f.jpg,254043 2 2 2 758 12 751 17 751 17 749 20 747 21 747 22 745 23 744 24 744 23 744 24 744 23 745 23 745 23 744 23 746 22 746 21 747 21 747 20 749 18 751 15 754 10 760 4
001839c6f.jpg,254034 1
001839c6f.jpg,55111 11 756 13 755 13 755 12 756 11 758 8 761 7
002a943bf.jpg,494416 7 758 11 752 17 748 21 745 24 741 27 740 29 738 32 735 33 734 34 733 36 732 36 731 38 728 40 727 42 726 43 725 45 722 47 720 48 720 49 719 49 718 50 717 51 717 51 716 52 716 52 715 53 715 52 716 52 715 52 716 52 715 52 716 51 717 50 718 50 718 50 717 51 717 50 718 49 719 49 719 48 720 48 719 48 720 48 719 48 720 48 719 48 720 48 719 48 719 49 718 49 719 50 717 51 717 51 716 52 716 52 715 54 714 54 713 55 712 57 711 57 711 53 1 2 711 53 715 52 716 51 716 52 716 52 716 51 716 52 716 52 716 52 715 53 715 53 715 52 716 52 715 52 716 52 716 52 715 53 715 53 715 53 714 54 713 55 713 55 713 55 713 54 713 55 713 54 714 54 713 55 713 55 713 55 712 55 713 53 715 52 715 52 716 51 717 50 718 50 718 49 718 50 718 49 719 49 718 50 718 49 719 49 718 49 719 49 718 49 719 49 719 49 718 50 718 49 718 50 718 49 718 50 718 49 718 50 718 49 719 48 720 48 720 46 1 1 719 46 723 45 723 45
00313b166.jpg,362827 1
00327b02d.jpg,
0035268d9.jpg,384569 1
0035268d9.jpg,382258 1 768 1
0035268d9.jpg,382254 3 765 3 764 4 764 3 765 3 765 3 766 1 767 1
0035268d9.jpg,376166 1
0035268d9.jpg,375396 1
0035268d9.jpg,375360 9 757 18 18 1 729 22 10 9 727 23 6 12 728 24 1 15 727 39 728 43 722 2 1 44 720 49 719 49 723 43 725 40 1 1 726 37 731 36 732 36 732 35 734 10 1 23 734 6 3 1 1 24 734 4 7 22 745 23 747 21 749 20 748 16 752 13 1 1 756 8 761 2 2 2
0035268d9.jpg,374630 1
0035268d9.jpg,345315 4 764 5 765 3 762 8 758 11 757 11 758 10 759 9 760 8 760 8 761 7 763 5 764 4 766 4 767 1
0035268d9.jpg,277946 4
0035268d9.jpg,25202 2 764 8 759 11 756 14 753 18 749 23 744 27 740 29 738 31 736 33 734 33 735 33 734 34 733 34 733 35 732 35 733 34 733 34 733 35 732 35 732 35 732 35 733 34 733 34 733 35 732 35 732 35 732 35 732 35 732 35 733 34 733 34 733 35 732 34 733 35 733 34 733 34 733 34 733 34 733 34 734 33 734 33 734 34 733 34 733 34 733 34 733 34 733 35 732 35 733 34 733 34 733 34 733 34 733 34 733 34 733 34 733 35 733 34 734 33 735 32 737 30 739 28 742 25 745 23 748 19 752 15 756 11 760 7 763 3
0035268d9.jpg,20577 2 765 4 764 5 763 4 765 2
003b58a76.jpg,
